[
  [
    {
      "to_embed": "AI-driven E-commerce personalizes shopping, enhances user experience, and empowers consumers through information access.",
      "metadata": {
        "id": "uc328",
        "title": "AI-Enhanced E-commerce Personalization",
        "description": "AI personalizes online shopping experiences globally, enabling efficient product discovery, informed purchasing decisions, and direct producer-consumer relationships via online platforms.",
        "context": "()",
        "source": "YEM BİN YILA GİRERKEN TİCARETİN DEĞİŞEN YÜZÜ: E-TİCARET, 2001.0"
      }
    },
    {
      "to_embed": "AI-Enhanced E-commerce Personalization",
      "metadata": {
        "id": "b363",
        "title": "Increased Consumer Empowerment",
        "description": "Consumers gain access to more information and choices, leading to empowerment and better purchasing decisions in the e-commerce environment.",
        "context": "()",
        "source": "YEM BİN YILA GİRERKEN TİCARETİN DEĞİŞEN YÜZÜ: E-TİCARET, 2001.0"
      }
    },
    {
      "to_embed": "AI-Enhanced E-commerce Personalization",
      "metadata": {
        "id": "r390",
        "title": "Data Privacy Risks",
        "description": "Extensive data collection for personalization can lead to privacy violations and potential misuse of consumer data by e-commerce platforms.",
        "context": "()",
        "source": "YEM BİN YILA GİRERKEN TİCARETİN DEĞİŞEN YÜZÜ: E-TİCARET, 2001.0"
      }
    },
    {
      "to_embed": "Data Privacy Risks",
      "metadata": {
        "id": "m419",
        "title": "Robust Data Protection Policies",
        "description": "Implement and enforce strict data protection policies and regulations to safeguard consumer data and prevent misuse by e-commerce platforms.",
        "context": "()",
        "source": "YEM BİN YILA GİRERKEN TİCARETİN DEĞİŞEN YÜZÜ: E-TİCARET, 2001.0"
      }
    }
  ],
  [
    {
      "to_embed": "Knowledge-based patient records use AI to improve care continuity and information access for physicians and patients.",
      "metadata": {
        "id": "uc329",
        "title": "AI-Enhanced Problem-Oriented Patient Records",
        "description": "A two-layer framework uses AI to enhance problem-oriented patient records by adding knowledge about physician workflows and information needs, improving information relevance and accessibility.",
        "context": "()",
        "source": "A problem-oriented, knowledge-based patient record system., 2002.0"
      }
    },
    {
      "to_embed": "AI-Enhanced Problem-Oriented Patient Records",
      "metadata": {
        "id": "b364",
        "title": "Improved Care Continuity",
        "description": "AI facilitates better continuity of patient care by removing redundant information, and enabling easy overview of and access to relevant patient data for physicians.",
        "context": "()",
        "source": "A problem-oriented, knowledge-based patient record system., 2002.0"
      }
    },
    {
      "to_embed": "AI-Enhanced Problem-Oriented Patient Records",
      "metadata": {
        "id": "b365",
        "title": "Reduced Redundancy",
        "description": "AI removes redundant and confusing information within patient records, enabling physicians to more efficiently access the most pertinent information, leading to better decision-making.",
        "context": "()",
        "source": "A problem-oriented, knowledge-based patient record system., 2002.0"
      }
    },
    {
      "to_embed": "AI-Enhanced Problem-Oriented Patient Records",
      "metadata": {
        "id": "r391",
        "title": "Enhanced Data Privacy",
        "description": "The knowledge-based system's access to sensitive patient data increases the risk of privacy breaches and unauthorized access, potentially compromising patient confidentiality.",
        "context": "()",
        "source": "A problem-oriented, knowledge-based patient record system., 2002.0"
      }
    },
    {
      "to_embed": "AI-Enhanced Problem-Oriented Patient Records",
      "metadata": {
        "id": "r392",
        "title": "Algorithmic Bias",
        "description": "AI algorithms may perpetuate existing biases in medical data, leading to unequal or discriminatory treatment of patients from certain demographics.",
        "context": "()",
        "source": "A problem-oriented, knowledge-based patient record system., 2002.0"
      }
    },
    {
      "to_embed": "Enhanced Data Privacy",
      "metadata": {
        "id": "m420",
        "title": "Access Controls and Encryption",
        "description": "Implement strict access controls and data encryption to limit unauthorized access to patient data and protect sensitive information from privacy breaches.",
        "context": "()",
        "source": "A problem-oriented, knowledge-based patient record system., 2002.0"
      }
    },
    {
      "to_embed": "Algorithmic Bias",
      "metadata": {
        "id": "m421",
        "title": "Bias Detection and Mitigation",
        "description": "Regularly audit algorithms for bias and implement mitigation techniques to ensure fair and equitable treatment across all patient demographics. ",
        "context": "()",
        "source": "A problem-oriented, knowledge-based patient record system., 2002.0"
      }
    }
  ],
  [
    {
      "to_embed": "Cybersecurity operations centers use AI for enhanced situational awareness and threat detection for organizations and nations.",
      "metadata": {
        "id": "uc330",
        "title": "AI-powered Cybersecurity Operations Center Deployment",
        "description": "Deployment models for security operations centers enhance situational awareness to detect common, frequent, sophisticated, and cross-channel exploits against organizational or national cyber investments.",
        "context": "()",
        "source": "Security operations centre: Situation awareness, threat intelligence and cybercrime, 2017.0"
      }
    },
    {
      "to_embed": "AI-powered Cybersecurity Operations Center Deployment",
      "metadata": {
        "id": "b366",
        "title": "Enhanced Cyber Investment Protection",
        "description": "Better situational awareness leads to improved protection, detection, response, and recovery of organizational and national cyber investments, reducing the impact of cyber threats.",
        "context": "()",
        "source": "Security operations centre: Situation awareness, threat intelligence and cybercrime, 2017.0"
      }
    },
    {
      "to_embed": "AI-powered Cybersecurity Operations Center Deployment",
      "metadata": {
        "id": "r393",
        "title": "False Positives & Negatives",
        "description": "AI systems may generate false positives or negatives, leading to inefficient resource allocation or missed threats, thereby jeopardizing cyber investment protection.",
        "context": "()",
        "source": "Security operations centre: Situation awareness, threat intelligence and cybercrime, 2017.0"
      }
    },
    {
      "to_embed": "False Positives & Negatives",
      "metadata": {
        "id": "m422",
        "title": "Refined Algorithms & Human Oversight",
        "description": "Refining AI algorithms to reduce errors, coupled with human oversight for validation, can significantly minimize the impact of false positives and negatives.",
        "context": "()",
        "source": "Security operations centre: Situation awareness, threat intelligence and cybercrime, 2017.0"
      }
    },
    {
      "to_embed": "AI-powered Cybersecurity Operations Center Deployment",
      "metadata": {
        "id": "r394",
        "title": "Over-Reliance on Automation",
        "description": "Over-reliance on AI-driven automation may reduce human expertise and adaptability, hindering responses to novel or complex cyber-attacks that require nuanced analysis.",
        "context": "()",
        "source": "Security operations centre: Situation awareness, threat intelligence and cybercrime, 2017.0"
      }
    },
    {
      "to_embed": "Over-Reliance on Automation",
      "metadata": {
        "id": "m423",
        "title": "Hybrid Approach",
        "description": "Employing a hybrid approach that integrates AI with human expertise ensures adaptability and informed decision-making, even when facing unforeseen cyber threats.",
        "context": "()",
        "source": "Security operations centre: Situation awareness, threat intelligence and cybercrime, 2017.0"
      }
    },
    {
      "to_embed": "AI-powered Cybersecurity Operations Center Deployment",
      "metadata": {
        "id": "r395",
        "title": "Bias in AI Algorithms",
        "description": "AI algorithms trained on biased data may exhibit prejudice in threat detection, leading to inadequate protection for certain systems or organizations and discriminatory security practices.",
        "context": "()",
        "source": "Security operations centre: Situation awareness, threat intelligence and cybercrime, 2017.0"
      }
    },
    {
      "to_embed": "Bias in AI Algorithms",
      "metadata": {
        "id": "m424",
        "title": "Diverse Data & Ethical Guidelines",
        "description": "Training AI on diverse datasets and adhering to ethical guidelines in algorithm design minimizes bias, ensuring fair and equitable cybersecurity practices across all systems and organizations.",
        "context": "()",
        "source": "Security operations centre: Situation awareness, threat intelligence and cybercrime, 2017.0"
      }
    }
  ],
  [
    {
      "to_embed": "Software for case-mix management enhances medical record efficiency for medical record professionals.",
      "metadata": {
        "id": "uc331",
        "title": "Case-Mix Management Software",
        "description": "Software for case-mix management is utilized to enhance the efficiency and effectiveness of medical record services provided by medical record professionals.",
        "context": "()",
        "source": "Software reference guide: case-mix management., 1987.0"
      }
    },
    {
      "to_embed": "Case-Mix Management Software",
      "metadata": {
        "id": "b367",
        "title": "Improved Efficiency",
        "description": "Enhances the efficiency of medical record services, allowing professionals to manage case mixes more effectively and improve overall workflow.",
        "context": "()",
        "source": "Software reference guide: case-mix management., 1987.0"
      }
    },
    {
      "to_embed": "Case-Mix Management Software",
      "metadata": {
        "id": "r396",
        "title": "Data Errors",
        "description": "Inaccurate data input or flawed software algorithms can lead to mismanaged case mixes, resulting in improper resource allocation and potential harm to patients.",
        "context": "()",
        "source": "Software reference guide: case-mix management., 1987.0"
      }
    },
    {
      "to_embed": "Data Errors",
      "metadata": {
        "id": "m425",
        "title": "Regular Audits",
        "description": "Implement regular audits of data input and software algorithms to identify and correct errors, ensuring accurate case-mix management.",
        "context": "()",
        "source": "Software reference guide: case-mix management., 1987.0"
      }
    }
  ],
  [
    {
      "to_embed": "STPA-Sec for cyber security risk analysis benefits security, operations, and domain experts.",
      "metadata": {
        "id": "uc332",
        "title": "STPA-Sec for Cyber Security Risk Analysis",
        "description": "STPA-Sec is applied to complex systems to analyze and constrain vulnerabilities that lead to cyber disruptions by focusing on system structure rather than threats.",
        "context": "()",
        "source": "Systems thinking for safety and security, 2013.0"
      }
    },
    {
      "to_embed": "STPA-Sec for Cyber Security Risk Analysis",
      "metadata": {
        "id": "b368",
        "title": "Improved System Security",
        "description": "STPA-Sec proactively identifies and mitigates vulnerabilities in complex systems, enhancing overall system security and resilience against cyber disruptions and potential losses.",
        "context": "()",
        "source": "Systems thinking for safety and security, 2013.0"
      }
    },
    {
      "to_embed": "STPA-Sec for Cyber Security Risk Analysis",
      "metadata": {
        "id": "r397",
        "title": "Incomplete Analysis",
        "description": "If the multidisciplinary team lacks expertise or overlooks critical system aspects, the STPA-Sec analysis may be incomplete, leaving vulnerabilities undiscovered and potentially exploited.",
        "context": "()",
        "source": "Systems thinking for safety and security, 2013.0"
      }
    },
    {
      "to_embed": "Incomplete Analysis",
      "metadata": {
        "id": "m426",
        "title": "Expert Team Composition",
        "description": "Ensure the multidisciplinary team includes experts from all relevant domains with a thorough understanding of the system's design, operation, and potential vulnerabilities.",
        "context": "()",
        "source": "Systems thinking for safety and security, 2013.0"
      }
    },
    {
      "to_embed": "STPA-Sec for Cyber Security Risk Analysis",
      "metadata": {
        "id": "r398",
        "title": "Misinterpretation of Results",
        "description": "Incorrect interpretation of STPA-Sec findings could lead to flawed security measures, failing to protect the system from disruptions, and resulting in financial or operational losses.",
        "context": "()",
        "source": "Systems thinking for safety and security, 2013.0"
      }
    },
    {
      "to_embed": "Misinterpretation of Results",
      "metadata": {
        "id": "m427",
        "title": "Training and Validation",
        "description": "Provide comprehensive training on STPA-Sec interpretation. Validate analysis with penetration testing and simulations to ensure accuracy and effectiveness of resulting security measures.",
        "context": "()",
        "source": "Systems thinking for safety and security, 2013.0"
      }
    }
  ],
  [
    {
      "to_embed": "AI integrates multi-source data for future epidemic prevention in Saudi Arabia benefiting public health and healthcare.",
      "metadata": {
        "id": "uc333",
        "title": "AI-driven Epidemic Data Integration",
        "description": "Saudi Arabia's Vision 2030 framework uses AI to integrate data from various sources for improved epidemic prevention and healthcare during future outbreaks.",
        "context": "()",
        "source": "Digital Transformation of the Health Sector During the Covid-19 Pandemic in Saudi Arabia, 2022.0"
      }
    },
    {
      "to_embed": "AI-driven Epidemic Data Integration",
      "metadata": {
        "id": "b369",
        "title": "Enhanced Preparedness",
        "description": "Integrating data sources via AI enables better prediction, resource allocation, and response strategies for future epidemics, enhancing public health preparedness.",
        "context": "()",
        "source": "Digital Transformation of the Health Sector During the Covid-19 Pandemic in Saudi Arabia, 2022.0"
      }
    },
    {
      "to_embed": "AI-driven Epidemic Data Integration",
      "metadata": {
        "id": "r399",
        "title": "Data Privacy Risks",
        "description": "AI integration of diverse data sources may lead to privacy breaches and misuse of sensitive health information if not properly secured and anonymized.",
        "context": "()",
        "source": "Digital Transformation of the Health Sector During the Covid-19 Pandemic in Saudi Arabia, 2022.0"
      }
    },
    {
      "to_embed": "Data Privacy Risks",
      "metadata": {
        "id": "m428",
        "title": "Anonymization & Security",
        "description": "Implement robust anonymization techniques and security protocols to safeguard sensitive health data and prevent unauthorized access or misuse during AI integration.",
        "context": "()",
        "source": "Digital Transformation of the Health Sector During the Covid-19 Pandemic in Saudi Arabia, 2022.0"
      }
    },
    {
      "to_embed": "Saudi Arabia developed 19 applications/platforms for public health, healthcare, leveraging digital transformation during COVID-19.",
      "metadata": {
        "id": "uc334",
        "title": "Digital Health Platform Proliferation",
        "description": "Saudi Arabia utilized digital transformation, resulting in 19 public health and healthcare applications/platforms during the COVID-19 pandemic, enhancing service delivery.",
        "context": "()",
        "source": "Digital Transformation of the Health Sector During the Covid-19 Pandemic in Saudi Arabia, 2022.0"
      }
    },
    {
      "to_embed": "Digital Health Platform Proliferation",
      "metadata": {
        "id": "b370",
        "title": "Improved Access",
        "description": "Digital platforms enhance access to healthcare information, services, and support for a wider population, particularly during crises like the COVID-19 pandemic.",
        "context": "()",
        "source": "Digital Transformation of the Health Sector During the Covid-19 Pandemic in Saudi Arabia, 2022.0"
      }
    },
    {
      "to_embed": "Digital Health Platform Proliferation",
      "metadata": {
        "id": "r400",
        "title": "Platform Redundancy",
        "description": "Having 19 separate applications may lead to redundancy, confusion, and inefficient resource allocation, potentially hindering user adoption and overall effectiveness.",
        "context": "()",
        "source": "Digital Transformation of the Health Sector During the Covid-19 Pandemic in Saudi Arabia, 2022.0"
      }
    },
    {
      "to_embed": "Platform Redundancy",
      "metadata": {
        "id": "m429",
        "title": "Platform Consolidation",
        "description": "Reduce redundancy by consolidating overlapping functionalities into fewer, more comprehensive platforms to improve user experience and resource utilization.",
        "context": "()",
        "source": "Digital Transformation of the Health Sector During the Covid-19 Pandemic in Saudi Arabia, 2022.0"
      }
    }
  ],
  [
    {
      "to_embed": "Special tool facilitates nut/gasket assembly/disassembly in narrow spaces, reducing labor and improving efficiency.",
      "metadata": {
        "id": "uc335",
        "title": "Special Tool for Nut/Gasket Assembly",
        "description": "A specialized tool with circular/square counter bores and a pin mechanism enables convenient assembly/disassembly of nuts and gaskets in confined spaces, enhancing operational efficiency.",
        "context": "()",
        "source": "Special tool for assembling and disassembling nut and gasket in depth of slit, 2009.0"
      }
    },
    {
      "to_embed": "Special Tool for Nut/Gasket Assembly",
      "metadata": {
        "id": "b371",
        "title": "Reduced Labor",
        "description": "The tool effectively reduces the labor intensity involved in assembling and disassembling nuts and gaskets in narrow spaces, minimizing physical strain on workers.",
        "context": "()",
        "source": "Special tool for assembling and disassembling nut and gasket in depth of slit, 2009.0"
      }
    },
    {
      "to_embed": "Special Tool for Nut/Gasket Assembly",
      "metadata": {
        "id": "b372",
        "title": "Improved Efficiency",
        "description": "The specialized tool improves the assembly and disassembly efficiency of nuts and gaskets in confined areas, leading to quicker task completion and increased productivity.",
        "context": "()",
        "source": "Special tool for assembling and disassembling nut and gasket in depth of slit, 2009.0"
      }
    },
    {
      "to_embed": "Special Tool for Nut/Gasket Assembly",
      "metadata": {
        "id": "r401",
        "title": "Tool Malfunction",
        "description": "The tool may malfunction due to wear and tear or manufacturing defects, potentially leading to delays in assembly/disassembly processes and safety hazards for the user.",
        "context": "()",
        "source": "Special tool for assembling and disassembling nut and gasket in depth of slit, 2009.0"
      }
    },
    {
      "to_embed": "Tool Malfunction",
      "metadata": {
        "id": "m430",
        "title": "Regular Maintenance",
        "description": "Implementing regular maintenance schedules and quality checks can help identify and address potential issues before they lead to tool malfunction, ensuring reliable operation.",
        "context": "()",
        "source": "Special tool for assembling and disassembling nut and gasket in depth of slit, 2009.0"
      }
    }
  ],
  [
    {
      "to_embed": "AI curriculum design to personalize education through future trend analysis, benefiting students and society.",
      "metadata": {
        "id": "uc336",
        "title": "AI-Driven Curriculum Personalization",
        "description": "AI algorithms analyze future trends (futurism, forecasting) to design personalized curricula, addressing educational crises by incorporating systemic and global orientations, thus preparing students for a rapidly changing world.",
        "context": "()",
        "source": "and Design : Prec . sors and Futures . Proceedings of the Annual North American Meeting of the Society for General Systems, 2007.0"
      }
    },
    {
      "to_embed": "AI-Driven Curriculum Personalization",
      "metadata": {
        "id": "b373",
        "title": "Enhanced Student Preparedness",
        "description": "Prepares students for the future workforce by aligning curriculum with future trends, promoting adaptability and competence in a changing world, contributing to societal progress.",
        "context": "()",
        "source": "and Design : Prec . sors and Futures . Proceedings of the Annual North American Meeting of the Society for General Systems, 2007.0"
      }
    },
    {
      "to_embed": "AI-Driven Curriculum Personalization",
      "metadata": {
        "id": "r402",
        "title": "Bias Amplification",
        "description": "AI algorithms might amplify existing societal biases in curriculum design, leading to unequal educational opportunities and reinforcing social inequalities if the algorithm is not trained fairly.",
        "context": "()",
        "source": "and Design : Prec . sors and Futures . Proceedings of the Annual North American Meeting of the Society for General Systems, 2007.0"
      }
    },
    {
      "to_embed": "Bias Amplification",
      "metadata": {
        "id": "m431",
        "title": "Algorithmic Auditing",
        "description": "Implement regular algorithmic audits to identify and correct biases in the AI curriculum design, ensuring fair and equitable educational opportunities for all students.",
        "context": "()",
        "source": "and Design : Prec . sors and Futures . Proceedings of the Annual North American Meeting of the Society for General Systems, 2007.0"
      }
    }
  ],
  [
    {
      "to_embed": "Automatic post-editing using machine learning improves translation quality for enhanced communication and efficiency.",
      "metadata": {
        "id": "uc337",
        "title": "Automated Translation Post-Editing",
        "description": "Automatic post-editing of translated text using a trained automatic post-editor on a sentence aligned parallel corpus. The system enhances initial translations to improved target language text.",
        "context": "()",
        "source": "Post-Editing in the Current Translation Work Flow Information, 2017.0"
      }
    },
    {
      "to_embed": "Automated Translation Post-Editing",
      "metadata": {
        "id": "b374",
        "title": "Improved Communication",
        "description": "Improved quality of translated text leads to more accurate and effective communication across language barriers, benefiting international collaborations and understanding.",
        "context": "()",
        "source": "Post-Editing in the Current Translation Work Flow Information, 2017.0"
      }
    },
    {
      "to_embed": "Automated Translation Post-Editing",
      "metadata": {
        "id": "r403",
        "title": "Data Bias Risk",
        "description": "The training data (sentence aligned parallel corpus) might contain biases, leading to skewed or unfair translations, perpetuating stereotypes or misrepresenting certain groups.",
        "context": "()",
        "source": "Post-Editing in the Current Translation Work Flow Information, 2017.0"
      }
    },
    {
      "to_embed": "Data Bias Risk",
      "metadata": {
        "id": "m432",
        "title": "Bias Mitigation",
        "description": "Carefully curate and audit the training data to identify and remove biases, ensuring a diverse and representative dataset for training the automatic post-editor.",
        "context": "()",
        "source": "Post-Editing in the Current Translation Work Flow Information, 2017.0"
      }
    }
  ],
  [
    {
      "to_embed": "AI-driven copyright infringement detection for academic publications to protect authors' rights and enforce legal requirements.",
      "metadata": {
        "id": "uc338",
        "title": "Copyright Infringement Detection",
        "description": "AI identifies potential copyright breaches in accessible publications, using algorithms to compare documents and flag infringements. This protects author rights and ensures legal compliance in academic content.",
        "context": "()",
        "source": "AgentcitiesUK.net Challenge Day 2: e-Government and e-Democracy, 2005.0"
      }
    },
    {
      "to_embed": "Copyright Infringement Detection",
      "metadata": {
        "id": "b375",
        "title": "Protecting Authors' Rights",
        "description": "AI-driven detection protects authors' copyright and moral rights, ensuring proper attribution and preventing unauthorized use of their work. This promotes academic integrity and fair compensation.",
        "context": "()",
        "source": "AgentcitiesUK.net Challenge Day 2: e-Government and e-Democracy, 2005.0"
      }
    },
    {
      "to_embed": "Copyright Infringement Detection",
      "metadata": {
        "id": "r404",
        "title": "False Positives",
        "description": "The AI system may generate false positives, incorrectly identifying legitimate uses of copyrighted material (e.g., fair use, citations) as infringements. This could lead to unwarranted take-down requests.",
        "context": "()",
        "source": "AgentcitiesUK.net Challenge Day 2: e-Government and e-Democracy, 2005.0"
      }
    },
    {
      "to_embed": "False Positives",
      "metadata": {
        "id": "m433",
        "title": "Human Review Process",
        "description": "Implement a human review process to verify AI-flagged copyright infringements before taking action. Trained personnel can assess context and legal exceptions (fair use) to minimize false positives and wrongful takedowns.",
        "context": "()",
        "source": "AgentcitiesUK.net Challenge Day 2: e-Government and e-Democracy, 2005.0"
      }
    }
  ],
  [
    {
      "to_embed": "Geospatial and time analysis using ArcGIS Pro to predict enemy behavior in combat operations.",
      "metadata": {
        "id": "uc339",
        "title": "Predictive Enemy Behavior Analysis",
        "description": "Using geospatial and time analysis in ArcGIS Pro, the method systematizes combat event data to predict possible enemy behavior, aiding commanders in preemptive strikes.",
        "context": "()",
        "source": "DETERMINATION OF THREATS AND RISKS IN CONDITIONS OF COMBAT OPER-ATIONS BY USING GEOSPATIAL ANALYSIS AND TIME ANALYSIS, 2019.0"
      }
    },
    {
      "to_embed": "Predictive Enemy Behavior Analysis",
      "metadata": {
        "id": "b376",
        "title": "Improved Operational Planning",
        "description": "Unit commanders receive credible information for identifying potential threats and risks, allowing for more effective operational planning and resource allocation.",
        "context": "()",
        "source": "DETERMINATION OF THREATS AND RISKS IN CONDITIONS OF COMBAT OPER-ATIONS BY USING GEOSPATIAL ANALYSIS AND TIME ANALYSIS, 2019.0"
      }
    },
    {
      "to_embed": "Predictive Enemy Behavior Analysis",
      "metadata": {
        "id": "r405",
        "title": "Data Bias & Misinterpretation",
        "description": "Bias in initial data from the Worldwide Equipment Guide, or misinterpretation of patterns, could lead to inaccurate predictions and flawed operational decisions.",
        "context": "()",
        "source": "DETERMINATION OF THREATS AND RISKS IN CONDITIONS OF COMBAT OPER-ATIONS BY USING GEOSPATIAL ANALYSIS AND TIME ANALYSIS, 2019.0"
      }
    },
    {
      "to_embed": "Data Bias & Misinterpretation",
      "metadata": {
        "id": "m434",
        "title": "Data Validation & Review",
        "description": "Implement rigorous validation processes for input data and conduct regular expert reviews of analytical models to identify and correct potential biases.",
        "context": "()",
        "source": "DETERMINATION OF THREATS AND RISKS IN CONDITIONS OF COMBAT OPER-ATIONS BY USING GEOSPATIAL ANALYSIS AND TIME ANALYSIS, 2019.0"
      }
    },
    {
      "to_embed": "Predictive Enemy Behavior Analysis",
      "metadata": {
        "id": "r406",
        "title": "Over-Reliance on Predictions",
        "description": "Over-reliance on predictive models may lead to neglecting other critical intelligence sources, creating vulnerabilities and hindering adaptability in dynamic combat situations.",
        "context": "()",
        "source": "DETERMINATION OF THREATS AND RISKS IN CONDITIONS OF COMBAT OPER-ATIONS BY USING GEOSPATIAL ANALYSIS AND TIME ANALYSIS, 2019.0"
      }
    },
    {
      "to_embed": "Over-Reliance on Predictions",
      "metadata": {
        "id": "m435",
        "title": "Integrate Multiple Intel Sources",
        "description": "Combine predictive analysis with diverse intelligence sources (HUMINT, SIGINT) and expert human analysis to avoid over-dependence and maintain a comprehensive understanding.",
        "context": "()",
        "source": "DETERMINATION OF THREATS AND RISKS IN CONDITIONS OF COMBAT OPER-ATIONS BY USING GEOSPATIAL ANALYSIS AND TIME ANALYSIS, 2019.0"
      }
    },
    {
      "to_embed": "Predictive Enemy Behavior Analysis",
      "metadata": {
        "id": "r407",
        "title": "Adversarial Adaptation",
        "description": "The enemy may adapt its tactics upon realizing that its actions are being predicted, rendering the patterns identified through geospatial and time analysis obsolete.",
        "context": "()",
        "source": "DETERMINATION OF THREATS AND RISKS IN CONDITIONS OF COMBAT OPER-ATIONS BY USING GEOSPATIAL ANALYSIS AND TIME ANALYSIS, 2019.0"
      }
    },
    {
      "to_embed": "Adversarial Adaptation",
      "metadata": {
        "id": "m436",
        "title": "Dynamic Model Updates",
        "description": "Continuously update and refine the geospatial and time analysis models to account for potential changes in enemy behavior and incorporate new data as it becomes available.",
        "context": "()",
        "source": "DETERMINATION OF THREATS AND RISKS IN CONDITIONS OF COMBAT OPER-ATIONS BY USING GEOSPATIAL ANALYSIS AND TIME ANALYSIS, 2019.0"
      }
    }
  ],
  [
    {
      "to_embed": "AI-powered intelligence analysis and dissemination for enhanced decision-making by national and tactical leaders.",
      "metadata": {
        "id": "uc340",
        "title": "AI for Intelligence Analysis & Dissemination",
        "description": "AI algorithms analyze intelligence data, prioritize requirements, manage collection, and disseminate usable intelligence products to support leaders at all levels.",
        "context": "()",
        "source": "Transforming the Intelligence Community, 2002.0"
      }
    },
    {
      "to_embed": "AI for Intelligence Analysis & Dissemination",
      "metadata": {
        "id": "b377",
        "title": "Improved Decision-Making",
        "description": "Timely and usable intelligence enables better-informed and faster decision-making by national and tactical leaders, improving responses to diverse threats.",
        "context": "()",
        "source": "Transforming the Intelligence Community, 2002.0"
      }
    },
    {
      "to_embed": "AI for Intelligence Analysis & Dissemination",
      "metadata": {
        "id": "r408",
        "title": "Data Bias and Misinterpretation",
        "description": "AI algorithms may perpetuate biases present in training data, leading to misinterpretations and potentially flawed intelligence assessments affecting tactical decisions.",
        "context": "()",
        "source": "Transforming the Intelligence Community, 2002.0"
      }
    },
    {
      "to_embed": "Data Bias and Misinterpretation",
      "metadata": {
        "id": "m437",
        "title": "Data Diversity and Validation",
        "description": "Ensure diverse training data, implement validation processes to detect bias, and regularly audit AI outputs for accuracy and fairness in intelligence assessments.",
        "context": "()",
        "source": "Transforming the Intelligence Community, 2002.0"
      }
    },
    {
      "to_embed": "AI-driven reorganization of intelligence apparatus for efficient prioritization, analysis, and dissemination of information.",
      "metadata": {
        "id": "uc341",
        "title": "AI for Intelligence Reorganization",
        "description": "AI facilitates reorganization of the Intelligence Community to prioritize intelligence requirements, manage collection, conduct analyses, and disseminate usable intelligence products.",
        "context": "()",
        "source": "Transforming the Intelligence Community, 2002.0"
      }
    },
    {
      "to_embed": "AI for Intelligence Reorganization",
      "metadata": {
        "id": "b378",
        "title": "Enhanced Efficiency",
        "description": "AI optimizes intelligence processes, leading to more efficient prioritization, analysis, and dissemination of information, streamlining operations and resource allocation.",
        "context": "()",
        "source": "Transforming the Intelligence Community, 2002.0"
      }
    },
    {
      "to_embed": "AI for Intelligence Reorganization",
      "metadata": {
        "id": "r409",
        "title": "Over-Reliance on Automation",
        "description": "Excessive automation may reduce human oversight, potentially overlooking critical nuances or contextual factors, which can lead to inaccurate intelligence assessments and strategic missteps.",
        "context": "()",
        "source": "Transforming the Intelligence Community, 2002.0"
      }
    },
    {
      "to_embed": "Over-Reliance on Automation",
      "metadata": {
        "id": "m438",
        "title": "Human Oversight Integration",
        "description": "Maintain human-in-the-loop oversight by integrating human analysts to validate AI outputs, ensuring consideration of contextual factors and reducing the risk of misinterpretation.",
        "context": "()",
        "source": "Transforming the Intelligence Community, 2002.0"
      }
    }
  ],
  [
    {
      "to_embed": "AI analyzing cultural interactions can predict tragic outcomes, benefiting researchers and policymakers through pattern identification and prevention.",
      "metadata": {
        "id": "uc342",
        "title": "AI for Cultural Interaction Analysis",
        "description": "AI algorithms can analyze historical data on interactions between diverse groups to identify patterns leading to tragic consequences, informing policies and interventions.",
        "context": "()",
        "source": "Micro Essays [From the Editor], 2010.0"
      }
    },
    {
      "to_embed": "AI for Cultural Interaction Analysis",
      "metadata": {
        "id": "b379",
        "title": "Informed Policy Making",
        "description": "Better understanding of interaction dynamics enables policymakers to craft informed policies that prevent or mitigate negative outcomes.",
        "context": "()",
        "source": "Micro Essays [From the Editor], 2010.0"
      }
    },
    {
      "to_embed": "AI for Cultural Interaction Analysis",
      "metadata": {
        "id": "r410",
        "title": "Bias Amplification",
        "description": "AI models trained on biased historical data may perpetuate or amplify existing prejudices, leading to unjust or discriminatory outcomes.",
        "context": "()",
        "source": "Micro Essays [From the Editor], 2010.0"
      }
    },
    {
      "to_embed": "Bias Amplification",
      "metadata": {
        "id": "m439",
        "title": "Data Diversity & Auditing",
        "description": "Use diverse datasets and regularly audit AI models for bias to ensure fair and equitable outcomes in cultural interaction analysis.",
        "context": "()",
        "source": "Micro Essays [From the Editor], 2010.0"
      }
    }
  ],
  [
    {
      "to_embed": "AI and virtual practices in distance learning enhance social science education in Russia.",
      "metadata": {
        "id": "uc343",
        "title": "AI-Enhanced Distance Learning for Social Sciences",
        "description": "Application of AI and virtual practice technologies in distance learning for social humanitarian disciplines in Russia, focusing on federal digital economy program implementation.",
        "context": "()",
        "source": "On the issue of practice-oriented education in distance learning, 2021.0"
      }
    },
    {
      "to_embed": "AI-Enhanced Distance Learning for Social Sciences",
      "metadata": {
        "id": "b380",
        "title": "Competence Formation",
        "description": "Enables development of professional competencies in social humanitarian disciplines through innovative distance learning methods and digital educational platforms.",
        "context": "()",
        "source": "On the issue of practice-oriented education in distance learning, 2021.0"
      }
    },
    {
      "to_embed": "AI-Enhanced Distance Learning for Social Sciences",
      "metadata": {
        "id": "r411",
        "title": "Data Bias",
        "description": "Potential for biased AI algorithms to perpetuate societal inequalities within the social humanitarian disciplines' educational content and assessment.",
        "context": "()",
        "source": "On the issue of practice-oriented education in distance learning, 2021.0"
      }
    },
    {
      "to_embed": "Data Bias",
      "metadata": {
        "id": "m440",
        "title": "Algorithm Audits",
        "description": "Implement regular audits of AI algorithms to identify and correct biases, ensuring fair and equitable educational outcomes for all students.",
        "context": "()",
        "source": "On the issue of practice-oriented education in distance learning, 2021.0"
      }
    },
    {
      "to_embed": "AI-Enhanced Distance Learning for Social Sciences",
      "metadata": {
        "id": "r412",
        "title": "Job Displacement",
        "description": "Risk of diminishing human interaction and job displacement for educators due to increased automation in distance learning environments, impacting the teaching workforce.",
        "context": "()",
        "source": "On the issue of practice-oriented education in distance learning, 2021.0"
      }
    },
    {
      "to_embed": "Job Displacement",
      "metadata": {
        "id": "m441",
        "title": "Retraining Programs",
        "description": "Offer retraining programs for educators to adapt to new roles in AI-enhanced learning environments, emphasizing skills in pedagogy and educational technology.",
        "context": "()",
        "source": "On the issue of practice-oriented education in distance learning, 2021.0"
      }
    }
  ],
  [
    {
      "to_embed": "IT-supported open learning for professional development using collaborative debates and reification of interactions.",
      "metadata": {
        "id": "uc344",
        "title": "Open Learning for Professionals",
        "description": "An IT-supported open learning approach (JITOL) enhances professional development through collaborative learning, leveraging debates and a recursive process called 'reification of interactions'.",
        "context": "()",
        "source": "The process of knowledge reification in human-human interaction, 1992.0"
      }
    },
    {
      "to_embed": "Open Learning for Professionals",
      "metadata": {
        "id": "b381",
        "title": "Knowledge Acquisition",
        "description": "Open learning, especially through collaborative debates and reification, optimizes knowledge acquisition and personal development for professionals.",
        "context": "()",
        "source": "The process of knowledge reification in human-human interaction, 1992.0"
      }
    },
    {
      "to_embed": "Open Learning for Professionals",
      "metadata": {
        "id": "r413",
        "title": "Bias Amplification",
        "description": "Debates may amplify existing biases or inequalities if participants are not diverse or if the reification process doesn't address power dynamics.",
        "context": "()",
        "source": "The process of knowledge reification in human-human interaction, 1992.0"
      }
    },
    {
      "to_embed": "Bias Amplification",
      "metadata": {
        "id": "m442",
        "title": "Diversity & Inclusion",
        "description": "Ensure diverse participation in debates and critically evaluate the reification process to identify and mitigate potential biases or inequalities.",
        "context": "()",
        "source": "The process of knowledge reification in human-human interaction, 1992.0"
      }
    }
  ],
  [
    {
      "to_embed": "Analyzing information ethics challenges in corporations facing conflicts through reverse engineering case studies.",
      "metadata": {
        "id": "uc345",
        "title": "Information Ethics in Reverse Engineering Conflicts",
        "description": "This paper analyzes ethical dilemmas faced by corporations in the digital age, particularly concerning information ethics in situations involving conflict, using reverse engineering case studies to illustrate these issues.",
        "context": "()",
        "source": "The Conflict in the Reverse Engineering of Software: Corporations and Information Ethics, 2006.0"
      }
    },
    {
      "to_embed": "Information Ethics in Reverse Engineering Conflicts",
      "metadata": {
        "id": "b382",
        "title": "Ethical Corporate Conduct",
        "description": "Promotes ethical corporate behavior by addressing information ethics challenges, contributing to fairer practices and increased accountability in digital environments.",
        "context": "()",
        "source": "The Conflict in the Reverse Engineering of Software: Corporations and Information Ethics, 2006.0"
      }
    },
    {
      "to_embed": "Information Ethics in Reverse Engineering Conflicts",
      "metadata": {
        "id": "r414",
        "title": "Privacy Violations",
        "description": "Reverse engineering can lead to privacy breaches through unauthorized access and misuse of sensitive data, potentially violating individual rights and corporate responsibility.",
        "context": "()",
        "source": "The Conflict in the Reverse Engineering of Software: Corporations and Information Ethics, 2006.0"
      }
    },
    {
      "to_embed": "Privacy Violations",
      "metadata": {
        "id": "m443",
        "title": "Data Protection Measures",
        "description": "Implementing robust data protection measures, such as anonymization and access controls, reduces the risk of privacy violations during reverse engineering processes.",
        "context": "()",
        "source": "The Conflict in the Reverse Engineering of Software: Corporations and Information Ethics, 2006.0"
      }
    }
  ],
  [
    {
      "to_embed": "SCENE platform enables distributed situation detection using rule engines for flexible and efficient monitoring.",
      "metadata": {
        "id": "uc346",
        "title": "Distributed Situation Detection with SCENE",
        "description": "SCENE, a rule-based platform, is extended to support distributed situation detection, allowing flexible rule engine configurations and improved performance in monitoring environments.",
        "context": "()",
        "source": "An infrastructure for distributed rule-based situation management, 2014.0"
      }
    },
    {
      "to_embed": "Distributed Situation Detection with SCENE",
      "metadata": {
        "id": "b383",
        "title": "Improved Scalability",
        "description": "Distribution allows the system to scale more effectively by distributing the processing load across multiple rule engines, improving performance and responsiveness.",
        "context": "()",
        "source": "An infrastructure for distributed rule-based situation management, 2014.0"
      }
    },
    {
      "to_embed": "Distributed Situation Detection with SCENE",
      "metadata": {
        "id": "b384",
        "title": "Increased Flexibility",
        "description": "The system accommodates a variety of distribution strategies and rule engine configurations, enabling developers to tailor the situation detection to specific requirements with little effort.",
        "context": "()",
        "source": "An infrastructure for distributed rule-based situation management, 2014.0"
      }
    },
    {
      "to_embed": "Distributed Situation Detection with SCENE",
      "metadata": {
        "id": "r415",
        "title": "Communication Overhead",
        "description": "Introducing distributed communication can create overhead, potentially impacting performance if not properly managed or if communication costs outweigh processing gains.",
        "context": "()",
        "source": "An infrastructure for distributed rule-based situation management, 2014.0"
      }
    },
    {
      "to_embed": "Communication Overhead",
      "metadata": {
        "id": "m444",
        "title": "Optimized Communication",
        "description": "Optimize communication protocols and data serialization to minimize overhead. Implement strategies such as batching and compression to reduce the amount of data transmitted.",
        "context": "()",
        "source": "An infrastructure for distributed rule-based situation management, 2014.0"
      }
    },
    {
      "to_embed": "Communication Overhead",
      "metadata": {
        "id": "m445",
        "title": "Strategic Distribution",
        "description": "Carefully consider the distribution strategy to ensure that the benefits of distribution outweigh the communication costs. Distribute processing to minimize data transfer and dependencies.",
        "context": "()",
        "source": "An infrastructure for distributed rule-based situation management, 2014.0"
      }
    }
  ],
  [
    {
      "to_embed": "Aramis: An innovative transportation system intended to revolutionize public transit in the 1970s and 80s.",
      "metadata": {
        "id": "uc347",
        "title": "Aramis: Public Transit Innovation",
        "description": "Aramis was conceived as an innovative transportation system designed to revolutionize public transit in France during the 1970s and 80s, aiming for improved efficiency and accessibility.",
        "context": "()",
        "source": "Aramis, or the Love of Technology, 1993.0"
      }
    },
    {
      "to_embed": "Aramis's Benefit: Potential for enhanced public transit efficiency, accessibility and convenience.",
      "metadata": {
        "id": "b385",
        "title": "Improved Transit Efficiency",
        "description": "Aramis aimed to provide more efficient, accessible, and convenient public transportation options, potentially reducing congestion and improving the overall commuting experience for citizens.",
        "context": "()",
        "source": "Aramis, or the Love of Technology, 1993.0"
      }
    },
    {
      "to_embed": "Aramis's Risk: High development costs and uncertain technological feasibility leading to project abandonment.",
      "metadata": {
        "id": "r416",
        "title": "Technological and Economic Risks",
        "description": "Aramis faced risks related to high development costs, technological challenges, and uncertain feasibility, which ultimately contributed to the project's abandonment despite significant investment.",
        "context": "()",
        "source": "Aramis, or the Love of Technology, 1993.0"
      }
    },
    {
      "to_embed": "Economic Risks Mitigation: Careful feasibility studies, cost-benefit analysis, and staged development.",
      "metadata": {
        "id": "m446",
        "title": "Feasibility and Cost Analysis",
        "description": "Conducting thorough feasibility studies, performing comprehensive cost-benefit analyses, and implementing a staged development approach could mitigate economic and technological risks associated with innovative projects like Aramis.",
        "context": "()",
        "source": "Aramis, or the Love of Technology, 1993.0"
      }
    }
  ],
  [
    {
      "to_embed": "Psychological object relations analysis to understand transitional object, relation object and psychic work in post-trauma sense-making.",
      "metadata": {
        "id": "uc348",
        "title": "Object Relations Analysis for Trauma Sense-Making",
        "description": "Application of object relations theory, including transitional and relational objects, to analyze and understand the psychological processes of transformation and sense-making, particularly in contexts involving trauma and psychic work.",
        "context": "()",
        "source": "Les objets de relation, 2002.0"
      }
    },
    {
      "to_embed": "Object Relations Analysis for Trauma Sense-Making",
      "metadata": {
        "id": "b386",
        "title": "Deeper Trauma Understanding",
        "description": "Facilitates deeper understanding of psychological trauma by analyzing object relations, promoting emotional processing and sense-making for individuals affected by trauma.",
        "context": "()",
        "source": "Les objets de relation, 2002.0"
      }
    },
    {
      "to_embed": "Object Relations Analysis for Trauma Sense-Making",
      "metadata": {
        "id": "r417",
        "title": "Subjective Interpretation Bias",
        "description": "Risk of subjective interpretation and bias in analysis, potentially leading to inaccurate or incomplete understanding of trauma experiences and hindering effective therapeutic interventions.",
        "context": "()",
        "source": "Les objets de relation, 2002.0"
      }
    },
    {
      "to_embed": "Subjective Interpretation Bias",
      "metadata": {
        "id": "m447",
        "title": "Standardized Methodologies",
        "description": "Employ standardized methodologies and interdisciplinary collaboration to reduce subjective bias and improve the reliability and validity of object relations analysis in trauma understanding.",
        "context": "()",
        "source": "Les objets de relation, 2002.0"
      }
    }
  ],
  [
    {
      "to_embed": "Linear amplifier design using logarithmic compensation enhances current output accuracy in electronic circuits.",
      "metadata": {
        "id": "uc349",
        "title": "Linear Amplifier Design with Logarithmic Compensation",
        "description": "The design improves linearity in electronic circuits by employing logarithmic characteristics to compensate for nonlinearities in differential amplifiers, leading to more accurate current output.",
        "context": "()",
        "source": "The Need for Psychology in Research on Computer Supported Cooperative Work, 1998.0"
      }
    },
    {
      "to_embed": "Linear Amplifier Design with Logarithmic Compensation",
      "metadata": {
        "id": "b387",
        "title": "Improved Accuracy",
        "description": "The logarithmic compensation ensures more accurate signal amplification and processing, reducing distortion and improving overall performance of electronic devices.",
        "context": "()",
        "source": "The Need for Psychology in Research on Computer Supported Cooperative Work, 1998.0"
      }
    },
    {
      "to_embed": "Linear Amplifier Design with Logarithmic Compensation",
      "metadata": {
        "id": "r418",
        "title": "Complexity Risks",
        "description": "Increased complexity in circuit design and manufacturing might lead to potential errors and higher costs associated with implementation and maintenance of logarithmic compensation circuits.",
        "context": "()",
        "source": "The Need for Psychology in Research on Computer Supported Cooperative Work, 1998.0"
      }
    },
    {
      "to_embed": "Complexity Risks",
      "metadata": {
        "id": "m448",
        "title": "Design Validation",
        "description": "Thorough simulation and testing procedures during the design phase can help identify and rectify potential issues, mitigating the risks associated with the complexity of logarithmic compensation.",
        "context": "()",
        "source": "The Need for Psychology in Research on Computer Supported Cooperative Work, 1998.0"
      }
    }
  ],
  [
    {
      "to_embed": "CERT/MERT improves incident reporting by schematic mapping, enhancing safety in aviation and medicine.",
      "metadata": {
        "id": "uc350",
        "title": "Schematic Mapping for Incident Reporting",
        "description": "The Critical Event Recall Tool (CERT) and Medical Event Reporting Tool (MERT) are used in aviation and medicine to improve incident reporting through structured data collection and analysis.",
        "context": "()",
        "source": "THE USE OF SCHEMATIC AIDS TO FACILITATE THE INCIDENT REPORTING OF CRITICAL EVENTS, 2004.0"
      }
    },
    {
      "to_embed": "Schematic Mapping for Incident Reporting",
      "metadata": {
        "id": "b388",
        "title": "Enhanced Safety",
        "description": "Improved incident reports lead to better identification of system failures, enabling focused remedial actions and reducing future accidents, thereby enhancing overall safety.",
        "context": "()",
        "source": "THE USE OF SCHEMATIC AIDS TO FACILITATE THE INCIDENT REPORTING OF CRITICAL EVENTS, 2004.0"
      }
    },
    {
      "to_embed": "Schematic Mapping for Incident Reporting",
      "metadata": {
        "id": "r419",
        "title": "Misinterpretation Risk",
        "description": "The schematic mapping tool's structured approach could lead to misinterpretation or oversimplification of complex events, potentially obscuring critical nuances and context.",
        "context": "()",
        "source": "THE USE OF SCHEMATIC AIDS TO FACILITATE THE INCIDENT REPORTING OF CRITICAL EVENTS, 2004.0"
      }
    },
    {
      "to_embed": "Misinterpretation Risk",
      "metadata": {
        "id": "m449",
        "title": "Contextual Analysis",
        "description": "Incorporate contextual analysis alongside schematic mapping to ensure a comprehensive understanding of incidents, capturing both structured data and qualitative insights.",
        "context": "()",
        "source": "THE USE OF SCHEMATIC AIDS TO FACILITATE THE INCIDENT REPORTING OF CRITICAL EVENTS, 2004.0"
      }
    }
  ],
  [
    {
      "to_embed": "Automated container sorting using inspection stations on conveyor lines enhances efficiency and reduces damage in material handling.",
      "metadata": {
        "id": "uc351",
        "title": "Automated Container Sorting on Conveyor Lines",
        "description": "Automated inspection stations are positioned along conveyor lines to inspect containers for cleanliness, damage, or identifying characteristics, enabling sorting of deficient containers for reuse or disposal.",
        "context": "()",
        "source": "E.JECTOR MECHANISM AND CONTROL DEVICE, 2017.0"
      }
    },
    {
      "to_embed": "Automated Container Sorting: Reduces damage to containers, especially glass bottles, improving resource utilization.",
      "metadata": {
        "id": "b389",
        "title": "Reduced Container Damage",
        "description": "Careful removal of containers, especially glass bottles, avoids damage, allowing for reuse after washing, refilling, or processing in different stations, conserving resources.",
        "context": "()",
        "source": "E.JECTOR MECHANISM AND CONTROL DEVICE, 2017.0"
      }
    },
    {
      "to_embed": "Automated Container Sorting: Inefficient sorting may disrupt production flow, reducing overall throughput efficiency.",
      "metadata": {
        "id": "r420",
        "title": "Disruption of Production Flow",
        "description": "Malfunctions or errors in the sorting process can lead to disruptions in the regular progression of containers, reducing overall throughput and efficiency of the conveyor line.",
        "context": "()",
        "source": "E.JECTOR MECHANISM AND CONTROL DEVICE, 2017.0"
      }
    },
    {
      "to_embed": "Disruption of Production Flow: Implement redundant systems and regular maintenance to minimize downtime.",
      "metadata": {
        "id": "m450",
        "title": "Redundant Systems and Maintenance",
        "description": "Implement redundant systems and regular maintenance schedules to ensure the sorting mechanism operates reliably, minimizing disruptions and ensuring continuous production flow.",
        "context": "()",
        "source": "E.JECTOR MECHANISM AND CONTROL DEVICE, 2017.0"
      }
    }
  ],
  [
    {
      "to_embed": "Multiagent system education uses game days for hands-on learning and motivation in computer science.",
      "metadata": {
        "id": "uc352",
        "title": "Game Day Education for Multiagent Systems",
        "description": "Game Days were designed to teach multiagent systems concepts to Computer Science students through role-playing in auction, task allocation, coalition formation, and negotiation scenarios, enhancing motivation and understanding.",
        "context": "()",
        "source": "Teaching a Multiagent Systems Class with Game Days: Designs and Lessons Learned, 2003.0"
      }
    },
    {
      "to_embed": "Game Day Education for Multiagent Systems",
      "metadata": {
        "id": "b390",
        "title": "Enhanced Learning",
        "description": "Students gain deeper understanding of multiagent systems through active participation and role-playing, rather than passive learning.",
        "context": "()",
        "source": "Teaching a Multiagent Systems Class with Game Days: Designs and Lessons Learned, 2003.0"
      }
    },
    {
      "to_embed": "Game Day Education for Multiagent Systems",
      "metadata": {
        "id": "b391",
        "title": "Increased Motivation",
        "description": "The competitive nature of Game Days motivates students to engage with the material and explore complex concepts more actively.",
        "context": "()",
        "source": "Teaching a Multiagent Systems Class with Game Days: Designs and Lessons Learned, 2003.0"
      }
    },
    {
      "to_embed": "Game Day Education for Multiagent Systems",
      "metadata": {
        "id": "r421",
        "title": "Over-Simplification",
        "description": "The simulated scenarios in Game Days may oversimplify real-world complexities of multiagent systems, potentially leading to a skewed understanding.",
        "context": "()",
        "source": "Teaching a Multiagent Systems Class with Game Days: Designs and Lessons Learned, 2003.0"
      }
    },
    {
      "to_embed": "Over-Simplification",
      "metadata": {
        "id": "m451",
        "title": "Real-world examples",
        "description": "Supplementing Game Days with real-world case studies and discussions can bridge the gap between simulations and actual scenarios.",
        "context": "()",
        "source": "Teaching a Multiagent Systems Class with Game Days: Designs and Lessons Learned, 2003.0"
      }
    },
    {
      "to_embed": "Game Day Education for Multiagent Systems",
      "metadata": {
        "id": "r422",
        "title": "Unequal Participation",
        "description": "Some students may dominate discussions and decision-making in group activities, while others might be passive, hindering equitable learning.",
        "context": "()",
        "source": "Teaching a Multiagent Systems Class with Game Days: Designs and Lessons Learned, 2003.0"
      }
    },
    {
      "to_embed": "Unequal Participation",
      "metadata": {
        "id": "m452",
        "title": "Structured Roles",
        "description": "Assigning specific roles and responsibilities to each team member can encourage balanced contribution and participation during Game Days.",
        "context": "()",
        "source": "Teaching a Multiagent Systems Class with Game Days: Designs and Lessons Learned, 2003.0"
      }
    }
  ],
  [
    {
      "to_embed": "AI identifies malicious downloads to protect users, enhancing cybersecurity and preventing harm to personal computers.",
      "metadata": {
        "id": "uc353",
        "title": "AI for Malicious Download Detection",
        "description": "AI is used to detect and prevent malicious downloads, safeguarding users from harmful software and potential cyber threats on their personal computers.",
        "context": "()",
        "source": "Evaluating Psychological Information Sharpening Your Critical Thinking Skills, 2016.0"
      }
    },
    {
      "to_embed": "AI for Malicious Download Detection",
      "metadata": {
        "id": "b392",
        "title": "Enhanced Cybersecurity",
        "description": "The AI application enhances cybersecurity by identifying and preventing malicious downloads, thus protecting users from potential data breaches and system compromises.",
        "context": "()",
        "source": "Evaluating Psychological Information Sharpening Your Critical Thinking Skills, 2016.0"
      }
    },
    {
      "to_embed": "AI for Malicious Download Detection",
      "metadata": {
        "id": "r423",
        "title": "False Positives",
        "description": "The AI may misidentify safe files as malicious, leading to disruption and preventing users from accessing legitimate content and hindering productivity.",
        "context": "()",
        "source": "Evaluating Psychological Information Sharpening Your Critical Thinking Skills, 2016.0"
      }
    },
    {
      "to_embed": "False Positives",
      "metadata": {
        "id": "m453",
        "title": "Refined Algorithms",
        "description": "Refine the AI algorithm by using larger training datasets and continuous monitoring to reduce false positives and ensure accurate identification of malicious files.",
        "context": "()",
        "source": "Evaluating Psychological Information Sharpening Your Critical Thinking Skills, 2016.0"
      }
    }
  ],
  [
    {
      "to_embed": "AI-driven policy knowledge exchange platform for IFLA members to enhance library policies.",
      "metadata": {
        "id": "uc354",
        "title": "AI-powered Library Policy Exchange",
        "description": "An AI platform facilitating knowledge exchange and collaboration among IFLA members to improve library and information policies at the national level, promoting best practices.",
        "context": "()",
        "source": "News, 1896.0"
      }
    },
    {
      "to_embed": "AI-powered Library Policy Exchange",
      "metadata": {
        "id": "b393",
        "title": "Enhanced Policy Development",
        "description": "Improved national library policies through shared knowledge and practices, leading to better resource allocation and service delivery for library users.",
        "context": "()",
        "source": "News, 1896.0"
      }
    },
    {
      "to_embed": "AI-powered Library Policy Exchange",
      "metadata": {
        "id": "r424",
        "title": "Bias in Policy Recommendations",
        "description": "AI algorithms may perpetuate biases present in the training data, leading to unfair or discriminatory policy recommendations that disadvantage certain groups.",
        "context": "()",
        "source": "News, 1896.0"
      }
    },
    {
      "to_embed": "Bias in Policy Recommendations",
      "metadata": {
        "id": "m454",
        "title": "Data Auditing & Transparency",
        "description": "Regularly audit the AI system's training data and decision-making processes to identify and mitigate biases. Ensure transparency in how policy recommendations are generated.",
        "context": "()",
        "source": "News, 1896.0"
      }
    }
  ],
  [
    {
      "to_embed": "Autoethnography reveals how online communities of practice support social work and academic professions.",
      "metadata": {
        "id": "uc355",
        "title": "Online Community Building via Autoethnography",
        "description": "Autoethnography documents the author's personal journey building an online community for doctoral students and academics. It demonstrates how online connectivity fosters communities of practice in social work and related professions.",
        "context": "()",
        "source": "Creating #team turner: an autoethnography of connection within social work education, 2014.0"
      }
    },
    {
      "to_embed": "Online Community Building via Autoethnography",
      "metadata": {
        "id": "b394",
        "title": "Enhanced Professional Support",
        "description": "Online communities provide a platform for peer support, knowledge sharing, and professional development, benefiting social workers and academics.",
        "context": "()",
        "source": "Creating #team turner: an autoethnography of connection within social work education, 2014.0"
      }
    },
    {
      "to_embed": "Online Community Building via Autoethnography",
      "metadata": {
        "id": "r425",
        "title": "Exclusion and Digital Divide",
        "description": "Lack of access to technology or digital literacy may exclude individuals from participating in online communities, creating a digital divide.",
        "context": "()",
        "source": "Creating #team turner: an autoethnography of connection within social work education, 2014.0"
      }
    },
    {
      "to_embed": "Exclusion and Digital Divide",
      "metadata": {
        "id": "m455",
        "title": "Provide Accessible Resources",
        "description": "Offer training programs and resources to improve digital literacy and provide access to technology to bridge the digital divide.",
        "context": "()",
        "source": "Creating #team turner: an autoethnography of connection within social work education, 2014.0"
      }
    }
  ]
]